signature,trump_count,strongest_trump_rank,weakest_trump_rank,max_suit_run,total_points,non_trump_points,hand_instances,games,win_rate,win_rate_std,avg_points
6-0-7-1-20,6,0.0,7.0,1,20,4,1,50,1.0,0.0,100.32
5-0-11-2-51,5,0.0,11.0,2,51,32,1,50,1.0,0.0,99.78
6-0-10-1-39,6,0.0,10.0,1,39,14,1,50,0.96,0.02771281292110205,92.42
6-0-11-1-21,6,0.0,11.0,1,21,0,1,50,0.96,0.02771281292110205,90.5
7-0-12-1-34,7,0.0,12.0,1,34,4,1,50,0.96,0.02771281292110205,92.38
5-1-8-2-26,5,1.0,8.0,2,26,4,1,50,0.94,0.03358571124749334,80.5
6-0-11-1-19,6,0.0,11.0,1,19,4,1,50,0.92,0.038366652186501746,88.5
5-0-9-3-42,5,0.0,9.0,3,42,21,1,50,0.92,0.038366652186501746,92.88
6-0-13-1-18,6,0.0,13.0,1,18,10,1,50,0.88,0.04595650117230423,84.32
4-0-12-2-30,4,0.0,12.0,2,30,22,1,50,0.88,0.04595650117230423,81.28
4-0-7-2-32,4,0.0,7.0,2,32,21,1,50,0.86,0.04907137658554119,81.92
5-0-10-2-28,5,0.0,10.0,2,28,15,1,50,0.86,0.04907137658554119,82.32
5-0-11-2-19,5,0.0,11.0,2,19,0,1,50,0.84,0.051845925587262885,75.02
4-0-12-2-34,4,0.0,12.0,2,34,25,1,50,0.84,0.051845925587262885,83.76
3-0-12-2-48,3,0.0,12.0,2,48,42,1,50,0.84,0.051845925587262885,76.86
5-0-13-2-39,5,0.0,13.0,2,39,31,1,50,0.84,0.051845925587262885,85.46
5-1-10-2-24,5,1.0,10.0,2,24,10,1,50,0.84,0.051845925587262885,83.54
6-2-10-2-25,6,2.0,10.0,2,25,0,1,50,0.84,0.051845925587262885,78.48
5-0-13-2-32,5,0.0,13.0,2,32,11,1,50,0.82,0.054332310828824504,81.12
5-0-13-1-32,5,0.0,13.0,1,32,20,1,50,0.82,0.054332310828824504,83.2
5-0-9-3-31,5,0.0,9.0,3,31,11,1,50,0.82,0.054332310828824504,78.86
4-0-12-2-19,4,0.0,12.0,2,19,11,1,50,0.82,0.054332310828824504,81.82
5-0-13-2-17,5,0.0,13.0,2,17,8,1,50,0.8,0.0565685424949238,77.24
6-0-12-1-29,6,0.0,12.0,1,29,10,1,50,0.78,0.05858327406350723,76.9
5-4-12-2-46,5,4.0,12.0,2,46,31,1,50,0.78,0.05858327406350723,72.16
5-2-12-1-20,5,2.0,12.0,1,20,11,1,50,0.78,0.05858327406350723,77.64
6-3-13-2-19,6,3.0,13.0,2,19,10,1,50,0.78,0.05858327406350723,74.88
3-0-3-3-23,3,0.0,3.0,3,23,14,1,50,0.76,0.060398675482166,73.62
4-1-11-2-33,4,1.0,11.0,2,33,25,1,50,0.76,0.060398675482166,75.72
5-2-10-1-14,5,2.0,10.0,1,14,0,1,50,0.74,0.06203224967708329,76.04
4-0-8-2-41,4,0.0,8.0,2,41,21,1,50,0.74,0.06203224967708329,78.18
5-0-10-2-36,5,0.0,10.0,2,36,15,1,50,0.74,0.06203224967708329,75.4
3-1-7-3-49,3,1.0,7.0,3,49,42,1,50,0.72,0.06349803146555018,71.18
4-2-8-2-48,4,2.0,8.0,2,48,29,1,50,0.72,0.06349803146555018,76.84
5-0-10-1-22,5,0.0,10.0,1,22,0,1,50,0.72,0.06349803146555018,71.66
4-8-13-2-33,4,8.0,13.0,2,33,22,1,50,0.7,0.06480740698407861,70.2
3-0-5-3-36,3,0.0,5.0,3,36,28,1,50,0.7,0.06480740698407861,68.86
4-3-7-2-31,4,3.0,7.0,2,31,22,1,50,0.7,0.06480740698407861,73.04
5-2-11-1-32,5,2.0,11.0,1,32,14,1,50,0.7,0.06480740698407861,69.7
5-1-9-2-23,5,1.0,9.0,2,23,4,1,50,0.7,0.06480740698407861,72.74
4-3-9-2-48,4,3.0,9.0,2,48,22,1,50,0.7,0.06480740698407861,68.1
5-0-13-2-35,5,0.0,13.0,2,35,11,1,50,0.7,0.06480740698407861,72.3
5-3-12-1-37,5,3.0,12.0,1,37,11,1,50,0.68,0.06596969000988256,67.3
3-0-12-2-37,3,0.0,12.0,2,37,32,1,50,0.68,0.06596969000988256,71.14
4-1-10-2-26,4,1.0,10.0,2,26,14,1,50,0.68,0.06596969000988256,68.38
5-0-13-1-27,5,0.0,13.0,1,27,0,1,50,0.66,0.0669925368977769,68.64
5-3-13-1-34,5,3.0,13.0,1,34,18,1,50,0.66,0.0669925368977769,72.04
5-2-10-1-17,5,2.0,10.0,1,17,4,1,50,0.66,0.0669925368977769,69.42
5-0-9-1-29,5,0.0,9.0,1,29,10,1,50,0.66,0.0669925368977769,76.42
4-1-11-2-12,4,1.0,11.0,2,12,4,1,50,0.66,0.0669925368977769,67.84
4-0-9-2-39,4,0.0,9.0,2,39,22,1,50,0.66,0.0669925368977769,71.52
4-0-10-3-30,4,0.0,10.0,3,30,18,1,50,0.64,0.06788225099390856,69.52
5-2-12-2-34,5,2.0,12.0,2,34,15,1,50,0.62,0.06864400920692205,70.56
4-1-13-2-30,4,1.0,13.0,2,30,21,1,50,0.62,0.06864400920692205,67.58
4-1-11-2-28,4,1.0,11.0,2,28,11,1,50,0.62,0.06864400920692205,69.44
4-0-12-2-20,4,0.0,12.0,2,20,4,2,100,0.62,0.048538644398046386,69.26
3-1-4-3-18,3,1.0,4.0,3,18,10,1,50,0.62,0.06864400920692205,66.98
4-3-12-2-26,4,3.0,12.0,2,26,19,1,50,0.62,0.06864400920692205,63.66
3-1-11-2-25,3,1.0,11.0,2,25,19,1,50,0.6,0.06928203230275509,62.9
4-3-13-2-37,4,3.0,13.0,2,37,21,1,50,0.6,0.06928203230275509,67.8
4-2-11-2-31,4,2.0,11.0,2,31,21,1,50,0.6,0.06928203230275509,70.12
5-4-11-1-25,5,4.0,11.0,1,25,8,1,50,0.6,0.06928203230275509,65.64
4-0-10-3-22,4,0.0,10.0,3,22,10,1,50,0.6,0.06928203230275509,65.8
3-0-11-3-35,3,0.0,11.0,3,35,29,1,50,0.6,0.06928203230275509,66.46
4-0-7-2-34,4,0.0,7.0,2,34,24,1,50,0.6,0.06928203230275509,67.9
4-3-8-3-32,4,3.0,8.0,3,32,14,1,50,0.6,0.06928203230275509,64.0
3-2-12-2-44,3,2.0,12.0,2,44,30,1,50,0.58,0.06979971346646059,59.36
4-1-13-2-26,4,1.0,13.0,2,26,18,1,50,0.58,0.06979971346646059,67.3
4-1-12-2-28,4,1.0,12.0,2,28,21,1,50,0.58,0.06979971346646059,64.88
4-2-11-2-46,4,2.0,11.0,2,46,29,1,50,0.58,0.06979971346646059,63.42
6-1-12-2-21,6,1.0,12.0,2,21,10,1,50,0.58,0.06979971346646059,71.54
3-0-11-3-24,3,0.0,11.0,3,24,18,1,50,0.58,0.06979971346646059,66.28
4-3-13-3-29,4,3.0,13.0,3,29,22,2,100,0.58,0.04935585071701227,64.02
4-0-13-2-21,4,0.0,13.0,2,21,14,1,50,0.58,0.06979971346646059,66.2
4-2-10-2-41,4,2.0,10.0,2,41,21,1,50,0.56,0.07019971509913697,62.18
3-1-6-3-38,3,1.0,6.0,3,38,30,1,50,0.56,0.07019971509913697,63.2
4-1-11-3-46,4,1.0,11.0,3,46,31,1,50,0.56,0.07019971509913697,63.0
5-3-12-2-30,5,3.0,12.0,2,30,11,1,50,0.56,0.07019971509913697,63.22
4-4-12-3-34,4,4.0,12.0,3,34,21,1,50,0.56,0.07019971509913697,59.92
3-1-7-2-32,3,1.0,7.0,2,32,24,1,50,0.56,0.07019971509913697,65.62
4-3-13-2-21,4,3.0,13.0,2,21,14,1,50,0.56,0.07019971509913697,63.6
4-4-11-3-30,4,4.0,11.0,3,30,15,1,50,0.54,0.07048404074682439,61.08
3-1-9-2-50,3,1.0,9.0,2,50,26,1,50,0.54,0.07048404074682439,61.26
4-2-12-2-39,4,2.0,12.0,2,39,15,1,50,0.54,0.07048404074682439,65.24
4-2-9-3-41,4,2.0,9.0,3,41,15,1,50,0.54,0.07048404074682439,65.5
2-3-7-2-27,2,3.0,7.0,2,27,22,1,50,0.54,0.07048404074682439,62.22
4-1-13-2-28,4,1.0,13.0,2,28,14,1,50,0.54,0.07048404074682439,61.72
3-2-10-2-44,3,2.0,10.0,2,44,35,1,50,0.52,0.07065408693062278,64.28
4-1-12-2-14,4,1.0,12.0,2,14,8,1,50,0.52,0.07065408693062278,63.52
4-2-13-2-29,4,2.0,13.0,2,29,20,1,50,0.52,0.07065408693062278,66.7
5-4-13-1-8,5,4.0,13.0,1,8,0,1,50,0.52,0.07065408693062278,62.3
2-2-11-3-35,2,2.0,11.0,3,35,32,1,50,0.52,0.07065408693062278,57.52
4-1-11-4-22,4,1.0,11.0,4,22,15,1,50,0.52,0.07065408693062278,64.44
4-0-11-2-28,4,0.0,11.0,2,28,18,1,50,0.5,0.07071067811865475,62.82
3-0-12-3-36,3,0.0,12.0,3,36,31,1,50,0.5,0.07071067811865475,60.32
4-0-11-2-25,4,0.0,11.0,2,25,10,1,50,0.5,0.07071067811865475,62.74
3-2-7-4-32,3,2.0,7.0,4,32,25,1,50,0.5,0.07071067811865475,60.08
4-2-11-2-34,4,2.0,11.0,2,34,10,1,50,0.5,0.07071067811865475,57.34
3-3-12-3-45,3,3.0,12.0,3,45,42,1,50,0.48,0.07065408693062278,59.82
3-1-13-3-28,3,1.0,13.0,3,28,15,1,50,0.48,0.07065408693062278,59.3
3-0-10-2-24,3,0.0,10.0,2,24,14,1,50,0.48,0.07065408693062278,59.48
3-2-11-3-32,3,2.0,11.0,3,32,25,1,50,0.48,0.07065408693062278,63.44
3-0-9-4-38,3,0.0,9.0,4,38,14,1,50,0.48,0.07065408693062278,61.72
4-0-8-2-18,4,0.0,8.0,2,18,0,1,50,0.48,0.07065408693062278,63.26
2-0-12-3-29,2,0.0,12.0,3,29,26,1,50,0.48,0.07065408693062278,60.96
3-0-10-2-37,3,0.0,10.0,2,37,19,1,50,0.48,0.07065408693062278,61.62
4-4-13-2-15,4,4.0,13.0,2,15,11,1,50,0.46,0.07048404074682439,57.32
4-0-13-2-30,4,0.0,13.0,2,30,14,1,50,0.46,0.07048404074682439,60.96
3-2-4-3-12,3,2.0,4.0,3,12,4,1,50,0.46,0.07048404074682439,57.46
4-6-11-2-33,4,6.0,11.0,2,33,10,1,50,0.46,0.07048404074682439,56.34
3-2-8-2-38,3,2.0,8.0,2,38,21,1,50,0.46,0.07048404074682439,58.86
5-4-13-1-27,5,4.0,13.0,1,27,0,1,50,0.46,0.07048404074682439,58.42
3-2-7-2-32,3,2.0,7.0,2,32,25,1,50,0.46,0.07048404074682439,57.06
3-2-12-4-20,3,2.0,12.0,4,20,15,1,50,0.44,0.07019971509913699,55.02
4-3-11-2-39,4,3.0,11.0,2,39,24,1,50,0.44,0.07019971509913699,56.58
3-1-11-3-25,3,1.0,11.0,3,25,11,1,50,0.44,0.07019971509913699,58.32
2-0-7-3-31,2,0.0,7.0,3,31,26,1,50,0.44,0.07019971509913699,56.04
3-0-12-3-30,3,0.0,12.0,3,30,24,1,50,0.44,0.07019971509913699,59.96
1-8-8-3-56,1,8.0,8.0,3,56,45,1,50,0.44,0.07019971509913699,52.7
3-2-11-3-35,3,2.0,11.0,3,35,29,1,50,0.44,0.07019971509913699,55.76
3-3-13-3-28,3,3.0,13.0,3,28,25,1,50,0.42,0.06979971346646059,56.42
2-5-8-2-46,2,5.0,8.0,2,46,33,1,50,0.42,0.06979971346646059,51.46
4-5-13-3-20,4,5.0,13.0,3,20,14,1,50,0.42,0.06979971346646059,50.02
3-3-11-2-34,3,3.0,11.0,2,34,20,1,50,0.42,0.06979971346646059,51.74
4-5-13-2-14,4,5.0,13.0,2,14,8,1,50,0.42,0.06979971346646059,51.08
2-3-8-3-40,2,3.0,8.0,3,40,26,1,50,0.42,0.06979971346646059,55.28
3-4-7-3-27,3,4.0,7.0,3,27,21,1,50,0.42,0.06979971346646059,55.22
3-2-12-2-25,3,2.0,12.0,2,25,20,1,50,0.42,0.06979971346646059,52.48
4-4-13-2-41,4,4.0,13.0,2,41,29,1,50,0.42,0.06979971346646059,57.82
3-4-9-3-29,3,4.0,9.0,3,29,15,1,50,0.42,0.06979971346646059,50.44
2-7-10-4-38,2,7.0,10.0,4,38,32,1,50,0.4,0.06928203230275509,51.04
3-6-12-3-48,3,6.0,12.0,3,48,36,1,50,0.4,0.06928203230275509,56.66
2-3-9-2-38,2,3.0,9.0,2,38,25,1,50,0.4,0.06928203230275509,55.48
3-4-12-3-28,3,4.0,12.0,3,28,15,1,50,0.4,0.06928203230275509,58.08
3-2-8-3-38,3,2.0,8.0,3,38,22,1,50,0.4,0.06928203230275509,59.02
3-1-8-3-35,3,1.0,8.0,3,35,19,1,50,0.4,0.06928203230275509,57.98
3-8-13-3-39,3,8.0,13.0,3,39,18,1,50,0.4,0.06928203230275509,50.08
4-3-12-2-34,4,3.0,12.0,2,34,25,1,50,0.4,0.06928203230275509,52.68
3-4-9-2-29,3,4.0,9.0,2,29,15,1,50,0.4,0.06928203230275509,48.6
4-4-13-3-34,4,4.0,13.0,3,34,20,1,50,0.4,0.06928203230275509,56.16
4-2-12-2-29,4,2.0,12.0,2,29,14,1,50,0.4,0.06928203230275509,56.0
2-2-13-3-33,2,2.0,13.0,3,33,30,1,50,0.4,0.06928203230275509,53.16
2-4-12-2-17,2,4.0,12.0,2,17,15,1,50,0.4,0.06928203230275509,52.18
4-4-12-2-39,4,4.0,12.0,2,39,33,1,50,0.38,0.06864400920692205,57.46
3-5-12-2-25,3,5.0,12.0,2,25,19,1,50,0.38,0.06864400920692205,53.16
4-0-13-2-24,4,0.0,13.0,2,24,0,1,50,0.38,0.06864400920692205,52.92
4-5-12-2-27,4,5.0,12.0,2,27,11,1,50,0.38,0.06864400920692205,56.34
2-6-13-3-48,2,6.0,13.0,3,48,46,1,50,0.38,0.06864400920692205,55.06
1-0-0-4-27,1,0.0,0.0,4,27,24,1,50,0.36,0.06788225099390856,52.68
1-7-7-3-52,1,7.0,7.0,3,52,50,1,50,0.36,0.06788225099390856,51.08
2-6-12-3-38,2,6.0,12.0,3,38,36,1,50,0.36,0.06788225099390856,54.0
3-2-12-3-28,3,2.0,12.0,3,28,14,1,50,0.36,0.06788225099390856,51.06
2-4-13-2-27,2,4.0,13.0,2,27,25,1,50,0.36,0.06788225099390856,54.08
3-1-11-3-27,3,1.0,11.0,3,27,22,1,50,0.36,0.06788225099390856,51.16
3-5-13-2-31,3,5.0,13.0,2,31,25,1,50,0.36,0.06788225099390856,52.1
2-4-9-3-37,2,4.0,9.0,3,37,25,1,50,0.36,0.06788225099390856,51.3
3-4-12-2-34,3,4.0,12.0,2,34,22,1,50,0.36,0.06788225099390856,51.78
1-9-9-3-42,1,9.0,9.0,3,42,32,1,50,0.36,0.06788225099390856,51.24
4-5-12-3-23,4,5.0,12.0,3,23,15,1,50,0.36,0.06788225099390856,52.68
3-4-8-2-25,3,4.0,8.0,2,25,10,1,50,0.34,0.0669925368977769,52.76
1-1-1-3-32,1,1.0,1.0,3,32,29,1,50,0.34,0.0669925368977769,51.98
3-4-8-3-34,3,4.0,8.0,3,34,19,1,50,0.34,0.0669925368977769,49.24
3-3-10-2-29,3,3.0,10.0,2,29,11,1,50,0.34,0.0669925368977769,53.94
3-4-11-3-25,3,4.0,11.0,3,25,21,1,50,0.34,0.0669925368977769,52.16
2-2-10-3-32,2,2.0,10.0,3,32,25,1,50,0.34,0.0669925368977769,49.74
3-2-11-3-21,3,2.0,11.0,3,21,14,1,50,0.32,0.06596969000988256,49.0
3-3-11-2-43,3,3.0,11.0,2,43,29,1,50,0.32,0.06596969000988256,49.18
3-0-10-2-13,3,0.0,10.0,2,13,4,1,50,0.32,0.06596969000988256,50.02
2-5-11-3-38,2,5.0,11.0,3,38,36,1,50,0.32,0.06596969000988256,48.08
1-3-3-3-49,1,3.0,3.0,3,49,46,1,50,0.32,0.06596969000988256,50.36
1-5-5-3-41,1,5.0,5.0,3,41,39,1,50,0.32,0.06596969000988256,46.12
3-8-12-3-42,3,8.0,12.0,3,42,21,1,50,0.3,0.0648074069840786,49.6
2-10-13-3-18,2,10.0,13.0,3,18,14,1,50,0.3,0.0648074069840786,48.78
3-2-9-3-37,3,2.0,9.0,3,37,22,1,50,0.3,0.0648074069840786,48.66
3-4-13-3-25,3,4.0,13.0,3,25,21,1,50,0.3,0.0648074069840786,49.9
3-0-9-2-23,3,0.0,9.0,2,23,8,1,50,0.28,0.06349803146555018,49.62
3-10-12-4-29,3,10.0,12.0,4,29,25,1,50,0.28,0.06349803146555018,48.52
3-5-9-3-33,3,5.0,9.0,3,33,19,1,50,0.28,0.06349803146555018,49.86
3-7-12-2-27,3,7.0,12.0,2,27,14,1,50,0.28,0.06349803146555018,50.42
2-7-11-3-26,2,7.0,11.0,3,26,24,1,50,0.28,0.06349803146555018,46.24
3-4-13-3-31,3,4.0,13.0,3,31,25,1,50,0.26,0.06203224967708329,50.22
2-6-11-4-16,2,6.0,11.0,4,16,14,1,50,0.26,0.06203224967708329,47.96
2-5-11-4-27,2,5.0,11.0,4,27,25,1,50,0.26,0.06203224967708329,48.78
3-7-12-2-20,3,7.0,12.0,2,20,14,1,50,0.26,0.06203224967708329,41.14
3-9-13-2-24,3,9.0,13.0,2,24,10,1,50,0.24,0.060398675482166,43.5
1-8-8-3-41,1,8.0,8.0,3,41,30,1,50,0.24,0.060398675482166,45.74
2-9-11-4-45,2,9.0,11.0,4,45,35,1,50,0.24,0.060398675482166,45.5
2-7-13-4-23,2,7.0,13.0,4,23,21,1,50,0.22,0.05858327406350724,41.48
2-8-11-3-46,2,8.0,11.0,3,46,35,1,50,0.22,0.05858327406350724,45.98
2-6-9-3-27,2,6.0,9.0,3,27,15,1,50,0.22,0.05858327406350724,44.94
1-7-7-3-27,1,7.0,7.0,3,27,25,1,50,0.2,0.05656854249492381,42.68
0-99-99-3-28,0,,,3,28,28,1,50,0.2,0.05656854249492381,41.5
1-8-8-3-22,1,8.0,8.0,3,22,11,1,50,0.2,0.05656854249492381,39.38
4-7-13-2-6,4,7.0,13.0,2,6,0,1,50,0.18,0.054332310828824504,42.72
1-7-7-4-32,1,7.0,7.0,4,32,30,1,50,0.18,0.054332310828824504,41.98
1-2-2-4-28,1,2.0,2.0,4,28,25,1,50,0.14,0.04907137658554119,41.2
3-7-11-3-23,3,7.0,11.0,3,23,11,1,50,0.14,0.04907137658554119,43.18
2-4-9-3-45,2,4.0,9.0,3,45,33,1,50,0.02,0.01979898987322333,26.02
